Timestamp,hr_index,heartrate,heartrate_quality
1675242824517,10,1,0
1675242825513,11,1,0
1675242826514,12,1,0
1675242827516,13,1,0
1675242828517,14,1,0
1675242829519,15,1,0
1675242830520,16,1,0
1675242831522,17,1,0
1675242832523,18,1,0
1675242833524,19,1,0
1675242834526,20,1,0
1675242835527,21,1,0
1675242836529,22,1,0
1675242837531,23,1,0
1675242838532,24,1,0
1675242839533,25,1,0
1675242840535,26,1,0
1675242841537,27,1,0
1675242842538,28,1,0
1675242843540,29,1,0
1675242844541,30,1,0
1675242845543,31,1,0
1675242846544,32,1,0
1675242847546,33,1,0
1675242848547,34,1,0
1675242849549,35,1,0
1675242850550,36,1,0
1675242851551,37,1,0
1675242852553,38,1,0
1675242853554,39,1,0
1675242854556,40,1,0
1675242855557,41,1,0
1675242856559,42,1,0
1675242857561,43,1,0
1675242858562,44,1,0
1675242859564,45,1,0
1675242860565,46,1,0
1675242861567,47,1,0
1675242862568,48,1,0
1675242863570,49,1,0
1675242864571,50,1,0
1675242865573,51,1,0
1675242866574,52,1,0
1675242867576,53,1,0
1675242868577,54,1,0
1675242869579,55,1,0
1675242870580,56,1,0
1675242871582,57,1,0
1675242872583,58,1,0
1675242873585,59,1,0
1675242874586,60,1,0
1675242875588,61,1,0
1675242876589,62,1,0
1675242877591,63,1,0
1675242878592,64,1,0
1675242879593,65,1,0
1675242880595,66,1,0
1675242881597,67,1,0
1675242882598,68,1,0
1675242883602,69,1,0
1675242884601,70,1,0
1675242885602,71,1,0
1675242886604,72,1,0
1675242887605,73,1,0
1675242888607,74,1,0
1675242889608,75,1,0
1675242890610,76,1,0
1675242891611,77,1,0
1675242892613,78,1,0
1675242893614,79,1,0
1675242894616,80,1,0
1675242895617,81,1,0
1675242896619,82,1,0
1675242897621,83,1,0
1675242898622,84,1,0
1675242899624,85,1,0
1675242900625,86,1,0
1675242901626,87,1,0
1675242902628,88,1,0
1675242903630,89,1,0
1675242904631,90,1,0
1675242905632,91,1,0
1675242906634,92,1,0
1675242907636,93,1,0
1675242908637,94,1,0
1675242909639,95,1,0
1675242910640,96,1,0
1675242911641,97,1,0
1675242912643,98,1,0
1675242913644,99,1,0
1675242914646,100,1,0
1675242915647,101,1,0
1675242916649,102,1,0
1675242917651,103,1,0
1675242918652,104,1,0
1675242919653,105,1,0
1675242920655,106,1,0
1675242921656,107,1,0
1675242922658,108,1,0
1675242923659,109,1,0
1675242924661,110,1,0
1675242925662,111,1,0
1675242926664,112,1,0
1675242927665,113,1,0
1675242928667,114,1,0
1675242929668,115,1,0
1675242930670,116,1,0
1675242931671,117,1,0
1675242932673,118,1,0
1675242933675,119,1,0
1675242934676,120,1,0
1675242935678,121,1,0
1675242936679,122,1,0
1675242937681,123,1,0
1675242938682,124,1,0
1675242939684,125,1,0
1675242940685,126,1,0
1675242941687,127,1,0
1675242942688,128,1,0
1675242943690,129,1,0
1675242944691,130,1,0
1675242945693,131,1,0
1675242946694,132,1,0
1675242947696,133,1,0
1675242948697,134,1,0
1675242949699,135,1,0
1675242950700,136,1,0
1675242951702,137,1,0
1675242952703,138,1,0
1675242953705,139,1,0
1675242954706,140,1,0
1675242955708,141,1,0
1675242956709,142,1,0
1675242957712,143,1,0
1675242958713,144,1,0
1675242959715,145,1,0
1675242960716,146,1,0
1675242961718,147,1,0
1675242962719,148,1,0
1675242963721,149,1,0
1675242964722,150,1,0
1675242965724,151,1,0
1675242966725,152,1,0
1675242967727,153,1,0
1675242968728,154,1,0
1675242969730,155,1,0
1675242970731,156,1,0
1675242971733,157,1,0
1675242972734,158,1,0
1675242973736,159,1,0
1675242974737,160,1,0
1675242975739,161,1,0
1675242976740,162,1,0
1675242977742,163,1,0
1675242978743,164,1,0
1675242979745,165,1,0
1675242980746,166,1,0
1675242981748,167,1,0
1675242982749,168,1,0
1675242983751,169,1,0
1675242984752,170,1,0
1675242985754,171,1,0
1675242986755,172,1,0
1675242987757,173,1,0
1675242988758,174,1,0
1675242989760,175,1,0
1675242990761,176,1,0
1675242991763,177,1,0
1675242992764,178,1,0
1675242993766,179,1,0
1675242994767,180,1,0
1675242995769,181,1,0
1675242996770,182,1,0
1675242997772,183,1,0
1675242998773,184,1,0
1675242999775,185,1,0
1675243000776,186,1,0
1675243001778,187,1,0
1675243002779,188,1,0
1675243003781,189,1,0
1675243004782,190,1,0
1675243005784,191,1,0
1675243006785,192,1,0
1675243007787,193,1,0
1675243008788,194,1,0
1675243009789,195,1,0
1675243010791,196,1,0
1675243011792,197,1,0
1675243012794,198,1,0
1675243013795,199,1,0
1675243014797,200,1,0
1675243015799,201,1,0
1675243016800,202,1,0
1675243017802,203,1,0
1675243018803,204,1,0
1675243019805,205,1,0
1675243020806,206,1,0
1675243021808,207,1,0
1675243022809,208,1,0
1675243023822,209,1,0
1675243024812,210,1,0
1675243025814,211,1,0
1675243026815,212,1,0
1675243027817,213,1,0
1675243028818,214,1,0
1675243029820,215,1,0
1675243030821,216,1,0
1675243031823,217,1,0
1675243032824,218,1,0
1675243033826,219,1,0
1675243034827,220,1,0
1675243035829,221,1,0
1675243036830,222,1,0
1675243037832,223,1,0
1675243038834,224,1,0
1675243039835,225,1,0
1675243040837,226,1,0
1675243041838,227,1,0
1675243042839,228,1,0
1675243043841,229,1,0
1675243044842,230,1,0
1675243045844,231,1,0
1675243046845,232,1,0
1675243047847,233,1,0
1675243048848,234,1,0
1675243049850,235,1,0
1675243050851,236,1,0
1675243051853,237,1,0
1675243052854,238,1,0
1675243053856,239,1,0
1675243054857,240,1,0
1675243055859,241,1,0
1675243056860,242,1,0
1675243057862,243,1,0
1675243058863,244,1,0
1675243059865,245,1,0
1675243060866,246,1,0
1675243061868,247,1,0
1675243062869,248,1,0
1675243063871,249,1,0
1675243064872,250,1,0
1675243065874,251,1,0
1675243066875,252,1,0
1675243067877,253,1,0
1675243068878,254,1,0
1675243069880,255,1,0
1675243070882,0,1,0
1675243071883,1,1,0
1675243072884,2,1,0
1675243073886,3,1,0
1675243074887,4,1,0
1675243075889,5,1,0
1675243076890,6,1,0
1675243077892,7,1,0
1675243078893,8,1,0
1675243079895,9,1,0
1675243080896,10,1,0
1675243081898,11,1,0
1675243082899,12,1,0
1675243083901,13,1,0
1675243084902,14,1,0
1675243085904,15,1,0
1675243086905,16,1,0
1675243087907,17,1,0
1675243088909,18,1,0
1675243089910,19,1,0
1675243090912,20,1,0
1675243091913,21,1,0
1675243092915,22,1,0
1675243093916,23,1,0
1675243094918,24,1,0
1675243095934,25,1,0
1675243096921,26,1,0
1675243097922,27,1,0
1675243098924,28,1,0
1675243099925,29,1,0
1675243100927,30,1,0
1675243101928,31,1,0
1675243102930,32,1,0
1675243103931,33,1,0
1675243104933,34,1,0
1675243105934,35,1,0
1675243106936,36,1,0
1675243107937,37,1,0
1675243108939,38,1,0
1675243109940,39,1,0
1675243110942,40,1,0
1675243111943,41,1,0
1675243112945,42,1,0
1675243113946,43,79,0
1675243114948,44,80,0
1675243115949,45,86,0
1675243116951,46,86,0
1675243117952,47,86,0
1675243118954,48,86,0
1675243119955,49,87,0
1675243120957,50,88,0
1675243121958,51,88,0
1675243122960,52,89,0
1675243123961,53,89,0
1675243124963,54,90,0
1675243125964,55,90,0
1675243126966,56,94,1
1675243127967,57,96,1
1675243128969,58,96,1
1675243129970,59,96,1
1675243130972,60,95,1
1675243131973,61,95,1
1675243132975,62,94,1
1675243133976,63,94,1
1675243134978,64,94,1
1675243135979,65,94,1
1675243136980,66,94,2
1675243137982,67,94,2
1675243138983,68,94,2
1675243139985,69,94,2
1675243140986,70,94,2
1675243141988,71,94,2
1675243142989,72,94,2
1675243143990,73,94,2
1675243144992,74,95,2
1675243145993,75,96,2
1675243146995,76,97,2
1675243147996,77,97,2
1675243148998,78,97,1
1675243149999,79,97,1
1675243151000,80,99,1
1675243152001,81,100,1
1675243153002,82,100,1
1675243154004,83,101,1
1675243155005,84,104,1
1675243156006,85,106,1
1675243157008,86,107,1
1675243158009,87,108,1
1675243159011,88,109,1
1675243160012,89,111,1
1675243161014,90,111,1
1675243162015,91,111,1
1675243163017,92,111,1
1675243164018,93,113,1
1675243165019,94,113,1
1675243166021,95,113,1
1675243167022,96,117,1
1675243168024,97,118,1
1675243169025,98,118,1
1675243170026,99,118,1
1675243171028,100,118,2
1675243172029,101,118,2
1675243173031,102,118,2
1675243174032,103,118,2
1675243175034,104,118,2
1675243176035,105,118,1
1675243177037,106,118,1
1675243178038,107,118,1
1675243179039,108,118,1
1675243180041,109,118,1
1675243181042,110,118,1
1675243182043,111,118,1
1675243183045,112,118,1
1675243184046,113,118,1
1675243185047,114,118,1
1675243186049,115,118,1
1675243187050,116,118,1
1675243188053,117,117,1
1675243189053,118,117,1
1675243190054,119,117,1
1675243191056,120,117,1
1675243192057,121,119,1
1675243193059,122,120,1
1675243194060,123,121,1
1675243195061,124,121,1
1675243196063,125,121,1
1675243197064,126,121,1
1675243198065,127,121,1
1675243199067,128,121,1
1675243200068,129,121,1
1675243201069,130,121,1
1675243202071,131,121,1
1675243203072,132,121,1
1675243204073,133,121,1
1675243205075,134,121,1
1675243206076,135,121,1
1675243207078,136,121,1
1675243208079,137,122,1
1675243209080,138,122,1
1675243210082,139,122,1
1675243211083,140,122,1
1675243212084,141,122,1
1675243213086,142,122,1
1675243214087,143,122,1
1675243215089,144,122,1
1675243216090,145,122,1
1675243217092,146,122,1
1675243218093,147,122,1
1675243219094,148,122,1
1675243220096,149,122,1
1675243221097,150,121,1
1675243222098,151,121,0
1675243223100,152,120,0
1675243224101,153,118,0
1675243225102,154,118,0
1675243226104,155,118,0
1675243227105,156,118,0
1675243228107,157,118,0
1675243229108,158,117,0
1675243230109,159,116,0
1675243231111,160,115,0
1675243232112,161,115,0
1675243233113,162,115,0
1675243234115,163,115,0
1675243235116,164,115,0
1675243236117,165,115,0
1675243237119,166,115,0
1675243238120,167,115,0
1675243239122,168,115,0
1675243240123,169,115,0
1675243241124,170,114,0
1675243242126,171,113,1
1675243243127,172,113,1
1675243244128,173,106,1
1675243245130,174,105,1
1675243246131,175,105,1
1675243247133,176,105,1
1675243248135,177,105,1
1675243249136,178,105,1
1675243250137,179,105,1
1675243251138,180,108,1
1675243252139,181,111,1
1675243253141,182,114,1
1675243254142,183,115,1
1675243255143,184,115,1
1675243256145,185,114,2
1675243257146,186,114,2
1675243258148,187,115,2
1675243259149,188,115,2
1675243260150,189,115,2
1675243261152,190,115,2
1675243262153,191,115,2
1675243263154,192,115,2
1675243264157,193,115,2
1675243265157,194,115,2
1675243266159,195,116,2
1675243267160,196,117,2
1675243268161,197,117,2
1675243269162,198,116,2
1675243270164,199,115,2
1675243271167,200,113,2
1675243272169,201,111,3
1675243273168,202,110,3
1675243274169,203,109,3
1675243275173,204,109,3
1675243276174,205,109,3
1675243277175,206,110,3
1675243278177,207,110,3
1675243279178,208,110,3
1675243280180,209,110,3
1675243281181,210,110,3
1675243282182,211,110,3
1675243283181,212,108,3
1675243284182,213,107,3
1675243285184,214,107,3
1675243286185,215,107,3
1675243287187,216,107,3
1675243288188,217,106,3
1675243289189,218,106,3
1675243290191,219,106,3
1675243291192,220,106,3
1675243292193,221,107,3
1675243293197,222,109,3
1675243294196,223,109,3
1675243295197,224,107,3
1675243296199,225,106,3
1675243297200,226,106,3
1675243298201,227,106,3
1675243299205,228,106,3
1675243300206,229,106,3
1675243301207,230,106,3
1675243302207,231,106,3
1675243303208,232,105,3
1675243304209,233,105,2
1675243305211,234,105,2
1675243306212,235,105,2
1675243307214,236,105,2
1675243308215,237,105,2
1675243309216,238,105,2
1675243310249,239,105,2
1675243311219,240,105,2
1675243312221,241,102,2
1675243313222,242,102,2
1675243314223,243,102,2
1675243315224,244,102,1
1675243316226,245,102,1
1675243317227,246,102,1
1675243318228,247,102,1
1675243319230,248,102,1
1675243320231,249,102,1
1675243321233,250,102,1
1675243322234,251,103,1
1675243323235,252,103,1
1675243324237,253,103,1
1675243325238,254,103,1
1675243326239,255,109,1
1675243327241,0,109,1
1675243328242,1,109,1
1675243329244,2,109,1
1675243330245,3,109,1
1675243331246,4,109,1
1675243332247,5,109,1
1675243333249,6,109,1
1675243334250,7,110,1
1675243335252,8,111,1
1675243336253,9,112,1
1675243337254,10,112,1
1675243338255,11,112,1
1675243339257,12,112,1
1675243340288,13,112,1
1675243341259,14,112,1
1675243342261,15,113,1
1675243343262,16,113,0
1675243344264,17,113,1
1675243345265,18,113,1
1675243346266,19,115,1
1675243347267,20,115,1
1675243348269,21,113,1
1675243349270,22,113,1
1675243350271,23,113,1
1675243351273,24,113,1
1675243352274,25,112,1
1675243353277,26,112,1
1675243354277,27,113,1
1675243355278,28,113,1
1675243356280,29,113,1
1675243357281,30,114,1
1675243358282,31,114,1
1675243359284,32,114,1
1675243360285,33,114,1
1675243361286,34,114,1
1675243362288,35,114,1
1675243363289,36,114,1
1675243364290,37,114,1
1675243365292,38,114,1
1675243366293,39,115,1
1675243367294,40,115,1
1675243368296,41,115,1
1675243369297,42,116,1
1675243370298,43,116,1
1675243371300,44,116,1
1675243372301,45,116,1
1675243373302,46,116,1
1675243374304,47,116,1
1675243375305,48,117,1
1675243376306,49,117,1
1675243377307,50,117,1
1675243378309,51,117,1
1675243379310,52,117,1
1675243380311,53,117,2
1675243381313,54,117,2
1675243382314,55,117,2
1675243383315,56,117,2
1675243384317,57,117,2
1675243385318,58,118,2
1675243386319,59,120,2
1675243387321,60,120,2
1675243388322,61,119,2
1675243389323,62,119,2
1675243390324,63,119,2
1675243391326,64,119,2
1675243392327,65,119,2
1675243393328,66,119,2
1675243394330,67,119,2
1675243395332,68,119,2
1675243396332,69,117,2
1675243397334,70,116,2
1675243398335,71,116,2
1675243399337,72,116,2
1675243400337,73,117,2
1675243401339,74,117,2
1675243402340,75,117,2
1675243403341,76,116,1
1675243404343,77,115,2
1675243405344,78,115,2
1675243406345,79,115,2
1675243407347,80,115,2
1675243408348,81,115,2
1675243409349,82,115,2
1675243410351,83,115,2
1675243411352,84,115,2
1675243412353,85,116,2
1675243413354,86,116,2
1675243414356,87,116,2
1675243415357,88,117,2
1675243416358,89,120,2
1675243417359,90,120,2
1675243418361,91,120,2
1675243419362,92,120,2
1675243420363,93,120,2
1675243421365,94,121,2
1675243422366,95,122,2
1675243423367,96,123,2
1675243424369,97,123,2
1675243425370,98,123,2
1675243426371,99,123,2
1675243427373,100,123,2
1675243428374,101,123,1
1675243429376,102,123,1
1675243430376,103,123,1
1675243431378,104,116,1
1675243432380,105,116,1
1675243433381,106,116,1
1675243434382,107,116,1
1675243435383,108,116,1
1675243436384,109,116,1
1675243437386,110,116,1
1675243438401,111,115,1
1675243439388,112,115,1
1675243440390,113,115,1
1675243441391,114,115,1
1675243442392,115,115,1
1675243443393,116,114,1
1675243444406,117,114,1
1675243445396,118,114,1
1675243446397,119,115,1
1675243447399,120,115,1
1675243448400,121,116,2
1675243449401,122,116,2
1675243450403,123,116,2
1675243451404,124,116,2
1675243452405,125,116,1
1675243453406,126,116,1
1675243454408,127,117,1
1675243455409,128,118,1
1675243456410,129,118,1
1675243457412,130,118,1
1675243458413,131,118,1
1675243459414,132,118,1
1675243460416,133,119,1
1675243461417,134,119,1
1675243462418,135,120,1
1675243463419,136,120,1
1675243464421,137,120,1
1675243465422,138,120,1
1675243466423,139,120,1
1675243467425,140,120,1
1675243468426,141,120,1
1675243469427,142,121,1
1675243470429,143,121,1
1675243471430,144,121,1
1675243472431,145,121,1
1675243473432,146,121,1
1675243474434,147,121,0
1675243475435,148,121,0
1675243476437,149,121,0
1675243477437,150,122,0
1675243478439,151,121,0
1675243479442,152,120,0
1675243480441,153,118,0
1675243481443,154,118,0
1675243482444,155,118,0
1675243483445,156,118,0
1675243484446,157,117,0
1675243485448,158,117,0
1675243486449,159,117,0
1675243487450,160,117,1
1675243488451,161,120,1
1675243489453,162,121,1
1675243490454,163,121,1
1675243491455,164,121,1
1675243492457,165,121,1
1675243493458,166,121,1
1675243494459,167,120,2
1675243495460,168,120,2
1675243496462,169,120,2
1675243497463,170,120,2
1675243498464,171,119,2
1675243499465,172,119,2
1675243500467,173,118,2
1675243501468,174,119,2
1675243502469,175,119,2
1675243503471,176,118,2
1675243504472,177,117,2
1675243505473,178,117,2
1675243506474,179,117,2
1675243507476,180,117,2
1675243508477,181,117,2
1675243509478,182,118,2
1675243510479,183,118,2
1675243511481,184,118,2
1675243512482,185,116,2
1675243513483,186,116,2
1675243514484,187,116,2
1675243515486,188,116,2
1675243516487,189,116,2
1675243517488,190,117,2
1675243518490,191,119,2
1675243519491,192,119,2
1675243520492,193,115,2
1675243521493,194,115,2
1675243522495,195,113,2
1675243523496,196,113,2
1675243524497,197,113,2
1675243525498,198,113,2
1675243526499,199,113,2
1675243527501,200,113,2
1675243528502,201,113,2
1675243529503,202,113,2
1675243530505,203,113,2
1675243531506,204,113,2
1675243532507,205,113,2
1675243533508,206,113,2
1675243534510,207,114,2
1675243535511,208,114,2
1675243536512,209,114,2
1675243537513,210,113,2
1675243538514,211,113,1
1675243539516,212,112,1
1675243540517,213,113,1
1675243541518,214,113,1
1675243542519,215,113,1
1675243543521,216,113,1
1675243544522,217,113,1
1675243545523,218,114,1
1675243546524,219,114,1
1675243547526,220,114,1
1675243548527,221,114,1
1675243549529,222,114,1
1675243550529,223,115,2
1675243551531,224,115,2
1675243552532,225,117,2
1675243553534,226,118,2
1675243554534,227,118,2
1675243555536,228,118,2
1675243556537,229,119,2
1675243557538,230,119,2
1675243558539,231,119,2
1675243559541,232,119,2
1675243560542,233,119,2
1675243561543,234,118,2
1675243562544,235,120,2
1675243563545,236,120,1
1675243564547,237,118,1
1675243565548,238,118,1
1675243566549,239,118,1
1675243567550,240,119,1
1675243568552,241,119,1
1675243569553,242,120,1
1675243570554,243,121,1
1675243571555,244,121,1
1675243572557,245,118,2
1675243573558,246,118,2
1675243574559,247,118,2
1675243575560,248,118,2
1675243576562,249,118,2
1675243577563,250,116,2
1675243578578,251,116,2
1675243579565,252,116,2
1675243580567,253,116,2
1675243581568,254,115,2
1675243582569,255,116,2
1675243583570,0,116,2
1675243584572,1,116,2
1675243585573,2,117,2
1675243586574,3,117,2
1675243587576,4,117,2
1675243588577,5,117,2
1675243589578,6,117,2
1675243590580,7,117,2
1675243591581,8,117,2
1675243592582,9,118,2
1675243593584,10,118,2
1675243594585,11,118,2
1675243595586,12,118,2
1675243596588,13,118,2
1675243597589,14,119,2
1675243598590,15,119,1
1675243599592,16,119,1
1675243600593,17,119,1
1675243601594,18,119,1
1675243602595,19,119,1
1675243603597,20,120,1
1675243604598,21,120,1
1675243605599,22,120,1
1675243606600,23,121,1
1675243607602,24,121,1
1675243608603,25,122,1
1675243609604,26,122,1
1675243610606,27,122,1
1675243611607,28,122,1
1675243612608,29,122,1
1675243613609,30,122,1
1675243614610,31,122,1
1675243615612,32,122,1
1675243616613,33,122,1
1675243617614,34,122,1
1675243618615,35,122,1
1675243619617,36,122,1
1675243620618,37,123,1
1675243621619,38,123,1
1675243622620,39,123,1
1675243623622,40,123,1
1675243624623,41,123,1
1675243625624,42,126,1
1675243626625,43,126,1
1675243627627,44,126,1
1675243628628,45,126,1
1675243629629,46,126,0
1675243630631,47,126,0
1675243631632,48,127,0
1675243632633,49,127,0
1675243633634,50,128,0
1675243634635,51,128,0
1675243635637,52,129,0
1675243636638,53,129,0
1675243637639,54,130,0
1675243638640,55,130,0
1675243639642,56,131,0
1675243640643,57,131,0
1675243641644,58,131,0
1675243642645,59,132,0
1675243643647,60,132,0
1675243644648,61,133,0
1675243645649,62,133,0
1675243646650,63,133,0
1675243647652,64,134,0
1675243648653,65,135,0
1675243649654,66,135,0
1675243650655,67,135,0
1675243651657,68,136,0
1675243652658,69,136,0
1675243653659,70,136,0
1675243654660,71,136,0
1675243655662,72,137,0
1675243656663,73,137,0
1675243657664,74,138,0
1675243658665,75,139,0
1675243659667,76,143,0
1675243660668,77,147,0
1675243661669,78,151,0
1675243662671,79,156,0
1675243663672,80,160,0
1675243664673,81,161,0
1675243665674,82,160,0
1675243666675,83,159,0
1675243667677,84,159,0
1675243668678,85,159,0
1675243669679,86,160,1
1675243670680,87,160,1
1675243671682,88,160,2
1675243672683,89,161,2
1675243673684,90,161,3
1675243674685,91,162,3
1675243675687,92,162,3
1675243676688,93,161,3
1675243677689,94,161,3
1675243678690,95,161,3
1675243679692,96,161,3
1675243680693,97,161,3
1675243681694,98,161,3
1675243682695,99,159,3
1675243683697,100,157,3
1675243684698,101,157,3
1675243685699,102,158,3
1675243686700,103,158,3
1675243687702,104,160,3
1675243688703,105,160,3
1675243689704,106,159,3
1675243690706,107,158,3
1675243691707,108,158,3
1675243692708,109,158,3
1675243693709,110,158,3
1675243694712,111,158,3
1675243695713,112,158,3
1675243696714,113,158,3
1675243697715,114,158,3
1675243698717,115,158,3
1675243699718,116,158,3
1675243700719,117,158,3
1675243701721,118,157,3
1675243702722,119,156,3
1675243703723,120,156,3
1675243704724,121,156,2
1675243705726,122,156,2
1675243706727,123,156,2
1675243707728,124,156,1
1675243708729,125,156,1
1675243709730,126,149,1
1675243710733,127,148,1
1675243711735,128,148,1
1675243712736,129,147,1
1675243713737,130,147,1
1675243714738,131,147,1
1675243715740,132,146,1
1675243716741,133,146,1
1675243717742,134,146,1
1675243718743,135,146,1
1675243719744,136,146,2
1675243720746,137,146,3
1675243721747,138,147,3
1675243722748,139,147,3
1675243723750,140,147,4
1675243724751,141,146,4
1675243725752,142,147,4
1675243726753,143,147,4
1675243727755,144,147,4
1675243728756,145,147,4
1675243729758,146,147,4
1675243730759,147,146,4
1675243731760,148,146,4
1675243732761,149,145,4
1675243733762,150,144,4
1675243734763,151,144,4
1675243735764,152,143,4
1675243736766,153,142,4
1675243737767,154,142,4
1675243738768,155,141,4
1675243739769,156,141,4
1675243740771,157,141,4
1675243741772,158,141,4
1675243742774,159,141,4
1675243743774,160,141,4
1675243744776,161,141,4
1675243745777,162,140,4
1675243746778,163,140,4
1675243747779,164,139,4
1675243748781,165,138,4
1675243749782,166,137,4
1675243750783,167,136,4
1675243751784,168,135,4
1675243752785,169,134,4
1675243753787,170,133,4
1675243754788,171,132,4
1675243755789,172,131,4
1675243756790,173,131,4
1675243757792,174,130,4
1675243758793,175,130,4
1675243759795,176,129,4
1675243760796,177,129,4
1675243761798,178,129,4
1675243762798,179,129,4
1675243763800,180,129,4
1675243764801,181,129,4
1675243765802,182,129,4
1675243766803,183,129,4
1675243767805,184,129,4
1675243768806,185,128,4
1675243769807,186,128,4
1675243770808,187,128,4
1675243771810,188,127,4
1675243772811,189,127,4
1675243773812,190,127,4
1675243774813,191,126,4
1675243775815,192,126,4
1675243776816,193,125,4
1675243777817,194,125,4
1675243778818,195,125,4
1675243779819,196,126,4
1675243780821,197,126,4
1675243781822,198,127,4
1675243782823,199,127,4
1675243783824,200,127,4
1675243784826,201,126,4
1675243785827,202,125,4
1675243786828,203,124,4
1675243787829,204,123,4
1675243788831,205,123,4
1675243789833,206,122,4
1675243790834,207,122,4
1675243791835,208,121,4
1675243792836,209,121,4
1675243793837,210,120,4
1675243794838,211,120,4
1675243795839,212,119,4
1675243796841,213,119,4
1675243797842,214,119,4
1675243798843,215,119,4
1675243799844,216,119,4
1675243800846,217,119,4
1675243801847,218,119,4
1675243802848,219,119,4
1675243803849,220,118,4
1675243804851,221,118,4
1675243805852,222,118,4
1675243806853,223,117,4
1675243807854,224,117,4
1675243808855,225,117,4
1675243809857,226,117,4
1675243810858,227,117,4
1675243811859,228,117,4
1675243812860,229,117,4
1675243813862,230,117,4
1675243814863,231,118,4
1675243815864,232,118,4
1675243816866,233,119,4
1675243817867,234,119,4
1675243818868,235,120,4
1675243819870,236,119,4
1675243820871,237,119,4
1675243821872,238,118,4
1675243822873,239,118,4
1675243823874,240,117,4
1675243824875,241,117,4
1675243825876,242,117,4
1675243826878,243,117,4
1675243827879,244,117,4
1675243828880,245,117,4
1675243829881,246,117,4
1675243830880,247,118,4
1675243831882,248,118,4
1675243832883,249,118,4
1675243833884,250,119,4
1675243834885,251,119,4
1675243835886,252,119,4
1675243836888,253,119,4
1675243837889,254,118,4
1675243838892,255,118,4
1675243839894,0,118,4
1675243840895,1,119,4
1675243841896,2,119,4
1675243842897,3,119,4
1675243843915,4,119,4
1675243844900,5,119,4
1675243845901,6,119,4
1675243846902,7,118,4
1675243847904,8,118,4
1675243848905,9,118,4
1675243849906,10,118,4
1675243850909,11,118,4
1675243851969,12,117,4
1675243852910,13,117,4
1675243853911,14,116,4
1675243854912,15,116,4
1675243855914,16,116,4
1675243856915,17,115,4
1675243857916,18,115,4
1675243858917,19,116,4
1675243859919,20,116,4
1675243860920,21,116,4
1675243861921,22,116,4
1675243862922,23,116,4
1675243863924,24,115,4
1675243864925,25,115,4
1675243865926,26,114,4
1675243866927,27,114,4
1675243867929,28,114,4
1675243868930,29,114,4
1675243869931,30,114,4
1675243870932,31,114,4
1675243871933,32,114,4
1675243872934,33,114,4
1675243873936,34,114,4
1675243874937,35,113,4
1675243875938,36,113,4
1675243876939,37,112,4
1675243877940,38,112,4
1675243878941,39,111,4
1675243879941,40,111,4
1675243880942,41,111,4
1675243881994,42,111,4
1675243882944,43,111,4
1675243883945,44,111,4
1675243884947,45,111,4
1675243885948,46,111,4
1675243886949,47,111,4
1675243887950,48,111,4
1675243888951,49,111,4
1675243889953,50,113,4
1675243890956,51,115,4
1675243891957,52,116,4
1675243892958,53,116,4
1675243893959,54,115,4
1675243894961,55,115,4
1675243895962,56,114,4
1675243896963,57,114,4
1675243897964,58,113,4
1675243898965,59,113,4
1675243899966,60,113,4
1675243900968,61,112,4
1675243901969,62,112,4
1675243902970,63,112,4
1675243903969,64,112,4
1675243904970,65,112,4
1675243905971,66,112,4
1675243906973,67,112,4
1675243907976,68,112,4
1675243908977,69,112,4
1675243909978,70,108,4
1675243910980,71,104,4
1675243911979,72,101,4
1675243912980,73,101,4
1675243913981,74,104,4
1675243914984,75,105,4
1675243915986,76,106,4
1675243916984,77,107,4
1675243917988,78,108,4
1675243918989,79,109,4
1675243919988,80,109,4
1675243920989,81,110,4
1675243921992,82,110,4
1675243922994,83,111,4
1675243923995,84,111,4
1675243924996,85,110,4
1675243925998,86,110,4
1675243926998,87,110,4
1675243927999,88,109,4
1675243929000,89,109,4
1675243930001,90,109,4
1675243931002,91,109,4
1675243932003,92,109,4
1675243933004,93,109,4
1675243934003,94,109,4
1675243935005,95,108,4
1675243936005,96,109,4
1675243937007,97,109,4
1675243938008,98,109,4
1675243939009,99,109,4
1675243940010,100,109,4
1675243941011,101,109,4
1675243942058,102,110,4
1675243943016,103,110,4
1675243944015,104,112,4
1675243945016,105,112,4
1675243946017,106,112,4
1675243947018,107,112,4
1675243948020,108,113,3
1675243949021,109,115,3
1675243950024,110,115,3
1675243951025,111,115,3
1675243952027,112,116,3
1675243953028,113,116,3
1675243954029,114,116,3
1675243955028,115,116,3
1675243956029,116,116,3
1675243957030,117,116,3
1675243958031,118,116,3
1675243959032,119,116,3
1675243960034,120,116,2
1675243961035,121,116,2
1675243962036,122,116,2
1675243963037,123,113,3
1675243964038,124,112,3
1675243965042,125,112,3
1675243966043,126,113,3
1675243967044,127,113,3
1675243968045,128,113,3
1675243969046,129,113,3
1675243970047,130,113,3
1675243971048,131,113,4
1675243972050,132,113,4
1675243973051,133,113,4
1675243974052,134,113,4
1675243975053,135,113,4
1675243976054,136,113,4
1675243977055,137,113,4
1675243978056,138,113,4
1675243979058,139,113,4
1675243980059,140,112,4
1675243981060,141,112,4
1675243982061,142,112,4
1675243983062,143,112,4
1675243984063,144,112,4
1675243985064,145,112,4
1675243986066,146,112,4
1675243987067,147,112,4
1675243988068,148,112,4
1675243989069,149,113,4
1675243990070,150,113,4
1675243991071,151,113,4
1675243992073,152,113,4
1675243993074,153,113,4
1675243994073,154,113,4
1675243995085,155,114,4
1675243996075,156,114,4
1675243997076,157,114,4
1675243998078,158,114,4
1675243999079,159,114,4
1675244000080,160,114,4
1675244001081,161,114,4
1675244002083,162,114,4
1675244003083,163,114,4
1675244004085,164,114,4
1675244005086,165,114,4
1675244006087,166,113,4
1675244007088,167,113,3
1675244008089,168,113,3
1675244009090,169,114,2
1675244010092,170,115,2
1675244011093,171,115,2
1675244012106,172,114,1
1675244013095,173,114,1
1675244014096,174,116,1
1675244015097,175,116,1
1675244016099,176,117,1
1675244017100,177,117,1
1675244018101,178,117,1
1675244019102,179,117,1
1675244020103,180,117,1
1675244021104,181,117,1
1675244022106,182,117,1
1675244023107,183,118,1
1675244024108,184,119,1
1675244025109,185,122,1
1675244026111,186,123,1
1675244027112,187,123,1
1675244028113,188,123,1
1675244029114,189,123,1
1675244030115,190,123,1
1675244031117,191,124,1
1675244032118,192,124,1
1675244033119,193,124,1
1675244034121,194,124,1
1675244035121,195,126,1
1675244036122,196,125,1
1675244037124,197,127,1
1675244038125,198,129,1
1675244039126,199,130,1
1675244040127,200,130,1
1675244041128,201,132,2
1675244042130,202,132,2
1675244043131,203,132,1
1675244044132,204,134,1
1675244045133,205,136,1
1675244046134,206,136,1
1675244047135,207,136,1
1675244048137,208,136,1
1675244049138,209,136,1
1675244050139,210,138,1
1675244051140,211,138,1
1675244052141,212,139,1
1675244053143,213,139,1
1675244054144,214,139,1
1675244055145,215,140,1
1675244056146,216,140,1
1675244057147,217,140,1
1675244058148,218,141,1
1675244059150,219,141,1
1675244060151,220,141,1
1675244061152,221,141,1
1675244062159,222,141,1
1675244063154,223,143,0
1675244064155,224,144,0
1675244065157,225,144,0
1675244066158,226,145,0
1675244067159,227,146,0
1675244068160,228,147,0
1675244069161,229,149,0
1675244070163,230,149,0
1675244071164,231,149,0
1675244072165,232,149,0
1675244073166,233,149,0
1675244074167,234,149,0
1675244075169,235,150,0
1675244076170,236,150,0
1675244077171,237,150,1
1675244078172,238,150,1
1675244079173,239,150,1
1675244080174,240,150,1
1675244081176,241,149,1
1675244082177,242,149,1
1675244083178,243,149,1
1675244084179,244,149,1
1675244085180,245,150,1
1675244086182,246,150,1
1675244087183,247,150,1
1675244088184,248,152,1
1675244089185,249,153,1
1675244090186,250,154,1
1675244091187,251,154,1
1675244092189,252,154,1
1675244093190,253,155,1
1675244094191,254,155,1
1675244095192,255,155,1
1675244096194,0,155,1
1675244097195,1,155,1
1675244098196,2,155,1
1675244099197,3,155,1
1675244100198,4,155,1
1675244101199,5,155,1
1675244102201,6,155,1
1675244103202,7,155,1
1675244104205,8,155,1
1675244105204,9,155,1
1675244106205,10,155,1
1675244107207,11,155,1
1675244108208,12,155,1
1675244109209,13,155,1
1675244110210,14,155,1
1675244111211,15,155,1
1675244112213,16,154,1
1675244113214,17,154,1
1675244114215,18,154,1
1675244115216,19,154,1
1675244116217,20,154,1
1675244117218,21,154,0
1675244118220,22,154,0
1675244119221,23,154,0
1675244120222,24,154,0
1675244121224,25,154,0
1675244122225,26,154,0
1675244123227,27,155,0
1675244124227,28,155,0
1675244125228,29,154,0
1675244126229,30,153,0
1675244127231,31,153,0
1675244128232,32,153,0
1675244129233,33,153,0
1675244130234,34,153,0
1675244131235,35,152,0
1675244132237,36,152,0
1675244133238,37,152,1
1675244134239,38,152,1
1675244135240,39,152,2
1675244136241,40,152,2
1675244137243,41,152,2
1675244138244,42,152,2
1675244139245,43,152,2
1675244140246,44,152,2
1675244141247,45,152,2
1675244142249,46,152,2
1675244143250,47,152,2
1675244144251,48,152,2
1675244145252,49,152,2
1675244146253,50,152,2
1675244147254,51,152,2
1675244148256,52,152,1
1675244149257,53,153,1
1675244150258,54,153,1
1675244151260,55,153,1
1675244152261,56,153,1
1675244153268,57,154,0
1675244154263,58,154,0
1675244155264,59,154,0
1675244156265,60,154,0
1675244157266,61,154,0
1675244158267,62,154,0
1675244159269,63,154,0
1675244160270,64,154,0
1675244161271,65,154,0
1675244162273,66,154,0
1675244163273,67,154,0
1675244164275,68,155,0
1675244165276,69,157,0
1675244166277,70,160,0
1675244167278,71,162,0
1675244168284,72,163,0
1675244169281,73,165,0
1675244170282,74,165,0
1675244171283,75,165,1
1675244172284,76,165,1
1675244173285,77,165,1
1675244174286,78,165,1
1675244175288,79,165,1
1675244176289,80,165,1
1675244177290,81,165,1
1675244178291,82,166,1
1675244179292,83,168,1
1675244180294,84,169,1
1675244181295,85,172,1
1675244182296,86,174,1
1675244183298,87,175,1
1675244184299,88,175,1
1675244185300,89,176,1
1675244186301,90,176,1
1675244187302,91,176,1
1675244188304,92,176,1
1675244189305,93,175,1
1675244190306,94,175,1
1675244191307,95,174,2
1675244192308,96,174,2
1675244193310,97,174,3
1675244194311,98,174,3
1675244195312,99,174,3
1675244196313,100,174,3
1675244197315,101,174,3
1675244198316,102,174,3
1675244199318,103,174,3
1675244200318,104,174,3
1675244201319,105,174,3
1675244202321,106,174,3
1675244203322,107,174,3
1675244204323,108,175,3
1675244205324,109,175,2
1675244206326,110,175,2
1675244207327,111,175,2
1675244208328,112,175,1
1675244209329,113,175,1
1675244210330,114,175,1
1675244211332,115,175,1
1675244212333,116,175,1
1675244213334,117,174,1
1675244214335,118,173,1
1675244215337,119,173,1
1675244216338,120,173,1
1675244217339,121,173,1
1675244218340,122,173,1
1675244219342,123,173,1
1675244220343,124,173,1
1675244221344,125,173,1
1675244222345,126,173,1
1675244223347,127,174,1
1675244224348,128,174,1
1675244225349,129,172,1
1675244226350,130,171,1
1675244227351,131,171,1
1675244228353,132,171,1
1675244229354,133,172,1
1675244230355,134,172,1
1675244231356,135,172,1
1675244232358,136,172,1
1675244233359,137,172,2
1675244234360,138,172,2
1675244235361,139,172,1
1675244236362,140,172,1
1675244237364,141,172,1
1675244238365,142,172,1
1675244239366,143,172,1
1675244240367,144,171,1
1675244241369,145,170,1
1675244242370,146,170,1
1675244243371,147,170,1
1675244244372,148,170,1
1675244245373,149,167,1
1675244246375,150,166,1
1675244247376,151,166,1
1675244248377,152,166,1
1675244249378,153,165,1
1675244250379,154,165,1
1675244251380,155,165,1
1675244252382,156,165,1
1675244253383,157,165,1
1675244254384,158,164,1
1675244255385,159,164,1
1675244256386,160,164,1
1675244257387,161,164,1
1675244258389,162,163,1
1675244259390,163,163,1
1675244260391,164,163,1
1675244261392,165,163,0
1675244262393,166,163,0
1675244263395,167,163,0
1675244264396,168,163,0
1675244265397,169,163,0
1675244266398,170,163,0
1675244267399,171,163,0
1675244268401,172,163,0
1675244269402,173,162,0
1675244270403,174,162,0
1675244271405,175,162,0
1675244272405,176,162,0
1675244273408,177,162,0
1675244274408,178,160,0
1675244275409,179,160,0
1675244276411,180,157,0
1675244277411,181,156,0
1675244278412,182,155,0
1675244279414,183,154,0
1675244280415,184,153,0
1675244281416,185,153,0
1675244282417,186,153,0
1675244283419,187,153,0
1675244284420,188,156,1
1675244285421,189,157,1
1675244286422,190,157,2
1675244287423,191,157,2
1675244288425,192,158,2
1675244289426,193,158,2
1675244290427,194,158,2
1675244291428,195,158,2
1675244292430,196,158,2
1675244293431,197,158,2
1675244294432,198,158,2
1675244295433,199,158,2
1675244296435,200,158,2
1675244297436,201,158,2
1675244298437,202,159,2
1675244299438,203,159,2
1675244300440,204,159,2
1675244301441,205,159,1
1675244302442,206,159,1
1675244303443,207,159,1
1675244304445,208,159,1
1675244305446,209,159,1
1675244306447,210,159,1
1675244307448,211,159,1
1675244308450,212,159,1
1675244309451,213,159,0
1675244310452,214,159,0
1675244311453,215,159,0
1675244312455,216,160,0
1675244313456,217,160,0
1675244314457,218,157,0
1675244315458,219,156,0
1675244316460,220,156,0
1675244317461,221,157,0
1675244318462,222,156,0
1675244319463,223,156,0
1675244320464,224,156,0
1675244321466,225,157,0
1675244322467,226,157,0
1675244323468,227,157,0
1675244324469,228,157,2
1675244325471,229,157,2
1675244326472,230,158,3
1675244327473,231,158,3
1675244328474,232,159,3
1675244329475,233,159,3
1675244330477,234,159,3
1675244331478,235,159,3
1675244332479,236,159,3
1675244333480,237,159,3
1675244334482,238,158,3
1675244335483,239,158,3
1675244336484,240,157,3
1675244337485,241,157,3
1675244338487,242,156,3
1675244339488,243,155,3
1675244340489,244,155,3
1675244341490,245,154,3
1675244342492,246,152,3
1675244343493,247,152,3
1675244344494,248,151,3
1675244345495,249,151,3
1675244346497,250,151,3
1675244347498,251,151,3
1675244348499,252,150,3
1675244349500,253,150,3
1675244350502,254,150,3
1675244351503,255,150,3
1675244352504,0,149,3
1675244353505,1,149,3
1675244354506,2,149,3
1675244355508,3,149,3
1675244356509,4,149,3
1675244357510,5,148,2
1675244358511,6,149,2
1675244359513,7,149,3
1675244360514,8,149,3
1675244361515,9,149,3
1675244362517,10,149,3
1675244363518,11,149,3
1675244364520,12,149,3
1675244365520,13,149,3
1675244366522,14,150,3
1675244367523,15,150,3
1675244368524,16,150,3
1675244369525,17,149,3
1675244370526,18,149,3
1675244371528,19,148,3
1675244372529,20,148,4
1675244373530,21,147,4
1675244374531,22,146,4
1675244375533,23,146,4
1675244376534,24,145,4
1675244377535,25,146,4
1675244378536,26,146,4
1675244379538,27,146,4
1675244380539,28,145,4
1675244381540,29,145,4
1675244382541,30,145,4
1675244383553,31,145,4
1675244384544,32,145,4
1675244385545,33,145,4
1675244386546,34,144,4
1675244387547,35,144,4
1675244388549,36,144,4
1675244389550,37,144,4
1675244390551,38,144,4
1675244391552,39,144,4
1675244392554,40,144,4
1675244393555,41,144,4
1675244394556,42,144,4
1675244395557,43,143,4
1675244396559,44,143,4
1675244397560,45,143,4
1675244398561,46,143,4
1675244399562,47,143,4
1675244400564,48,143,4
1675244401565,49,143,4
1675244402566,50,143,4
1675244403567,51,143,4
1675244404569,52,143,4
1675244405570,53,143,4
1675244406571,54,143,4
1675244407572,55,143,4
1675244408574,56,143,4
1675244409575,57,143,4
1675244410576,58,143,4
1675244411577,59,143,4
1675244412579,60,142,4
1675244413580,61,142,4
1675244414581,62,142,4
1675244415582,63,142,4
1675244416583,64,142,4
1675244417585,65,142,4
1675244418586,66,142,4
1675244419587,67,142,4
1675244420589,68,142,4
1675244421590,69,142,4
1675244422591,70,143,4
1675244423592,71,142,4
1675244424633,72,142,4
1675244425595,73,142,4
1675244426596,74,142,4
1675244427597,75,142,4
1675244428598,76,142,4
1675244429600,77,143,4
1675244430601,78,143,4
1675244431602,79,142,4
1675244432603,80,142,4
1675244433605,81,142,4
1675244434606,82,142,4
1675244435607,83,142,4
1675244436608,84,142,4
1675244437610,85,141,4
1675244438611,86,141,4
1675244439612,87,142,4
1675244440613,88,142,4
1675244441614,89,141,4
1675244442616,90,141,4
1675244443617,91,141,4
1675244444618,92,141,3
1675244445619,93,140,3
1675244446621,94,140,3
1675244447622,95,140,3
1675244448623,96,140,3
1675244449624,97,140,3
1675244450626,98,140,3
1675244451627,99,140,3
1675244452628,100,140,3
1675244453630,101,140,3
1675244454632,102,140,3
1675244455632,103,140,3
1675244456633,104,140,3
1675244457635,105,140,3
1675244458636,106,140,3
1675244459637,107,140,3
1675244460638,108,139,3
1675244461640,109,139,3
1675244462641,110,139,3
1675244463642,111,140,3
1675244464643,112,140,3
1675244465645,113,141,3
1675244466646,114,141,3
1675244467648,115,141,3
1675244468648,116,141,3
1675244469650,117,141,3
1675244470651,118,141,3
1675244471652,119,141,3
1675244472653,120,141,3
1675244473654,121,141,3
1675244474656,122,141,3
1675244475657,123,141,3
1675244476658,124,141,3
1675244477659,125,141,3
1675244478660,126,141,3
1675244479662,127,140,3
1675244480663,128,140,3
1675244481664,129,139,3
1675244482665,130,139,3
1675244483667,131,138,3
1675244484669,132,138,3
1675244485669,133,137,3
1675244486670,134,137,3
1675244487672,135,138,3
1675244488673,136,138,3
1675244489674,137,138,3
1675244490675,138,138,3
1675244491677,139,138,3
1675244492678,140,138,3
1675244493679,141,138,4
1675244494680,142,138,4
1675244495682,143,138,4
1675244496683,144,139,4
1675244497684,145,139,4
1675244498685,146,139,4
1675244499687,147,139,4
1675244500688,148,139,4
1675244501689,149,138,4
1675244502690,150,138,4
1675244503691,151,139,4
1675244504693,152,139,4
1675244505694,153,139,4
1675244506695,154,139,4
1675244507696,155,139,4
1675244508698,156,140,4
1675244509699,157,140,4
1675244510700,158,140,4
1675244511701,159,139,4
1675244512703,160,139,4
1675244513704,161,139,4
1675244514705,162,139,4
1675244515707,163,139,4
1675244516708,164,139,4
1675244517709,165,139,4
1675244518711,166,139,4
1675244519712,167,139,4
1675244520713,168,139,4
1675244521715,169,139,4
1675244522716,170,140,4
1675244523717,171,141,4
1675244524718,172,142,4
1675244525719,173,143,4
1675244526721,174,143,4
1675244527722,175,142,4
1675244528723,176,142,4
1675244529724,177,141,4
1675244530726,178,141,4
1675244531727,179,140,3
1675244532728,180,140,3
1675244533729,181,142,3
1675244534731,182,142,3
1675244535732,183,142,3
1675244536733,184,142,3
1675244537734,185,142,3
1675244538736,186,142,3
1675244539737,187,142,3
1675244540738,188,142,3
1675244541739,189,142,3
1675244542741,190,142,3
1675244543742,191,141,3
1675244544744,192,140,2
1675244545774,193,140,2
1675244546746,194,140,2
1675244547747,195,140,2
1675244548748,196,140,2
1675244549750,197,140,1
1675244550751,198,140,1
1675244551752,199,140,1
1675244552753,200,140,1
1675244553754,201,141,1
1675244554767,202,145,1
1675244555757,203,146,1
1675244556758,204,147,1
1675244557759,205,147,1
1675244558761,206,147,1
1675244559762,207,147,1
1675244560763,208,146,1
1675244561764,209,146,1
1675244562766,210,146,1
1675244563767,211,146,1
1675244564768,212,146,2
1675244565769,213,146,2
1675244566770,214,146,2
1675244567772,215,145,2
1675244568773,216,143,2
1675244569774,217,143,2
1675244570775,218,142,2
1675244571777,219,143,2
1675244572778,220,143,2
1675244573779,221,143,2
1675244574780,222,143,2
1675244575782,223,142,2
1675244576783,224,142,2
1675244577785,225,142,2
1675244578785,226,142,2
1675244579787,227,142,2
1675244580788,228,142,3
1675244581789,229,142,3
1675244582790,230,142,3
1675244583791,231,142,3
1675244584793,232,142,3
1675244585794,233,142,3
1675244586796,234,142,3
1675244587796,235,142,3
1675244588797,236,142,3
1675244589799,237,142,3
1675244590800,238,142,3
1675244591801,239,142,3
1675244592802,240,142,3
1675244593804,241,143,3
1675244594805,242,143,3
1675244595806,243,143,3
1675244596807,244,143,3
1675244597808,245,143,3
1675244598810,246,144,3
1675244599811,247,144,3
1675244600812,248,145,3
1675244601813,249,146,3
1675244602816,250,145,3
1675244603816,251,145,3
1675244604817,252,145,3
1675244605818,253,145,3
1675244606819,254,145,3
1675244607821,255,145,3
1675244608822,0,145,3
1675244609823,1,145,3
1675244610824,2,145,3
1675244611825,3,145,3
1675244612827,4,145,3
1675244613828,5,144,3
1675244614829,6,144,3
1675244615830,7,144,2
1675244616831,8,145,2
1675244617833,9,145,2
1675244618834,10,145,1
1675244619835,11,145,1
1675244620836,12,146,1
1675244621837,13,147,1
1675244622839,14,148,1
1675244623840,15,148,1
1675244624841,16,148,1
1675244625842,17,148,1
1675244626844,18,148,1
1675244627845,19,148,1
1675244628846,20,151,1
1675244629847,21,151,1
1675244630848,22,152,1
1675244631850,23,152,1
1675244632851,24,152,1
1675244633852,25,152,2
1675244634853,26,151,2
1675244635920,27,151,2
1675244636856,28,151,2
1675244637857,29,151,2
1675244638858,30,151,2
1675244639860,31,151,2
1675244640861,32,149,2
1675244641862,33,147,2
1675244642863,34,145,2
1675244643881,35,145,2
1675244644866,36,145,2
1675244645867,37,145,2
1675244646868,38,145,2
1675244647869,39,145,2
1675244648870,40,145,2
1675244649872,41,144,2
1675244650873,42,144,2
1675244651874,43,144,2
1675244652875,44,144,2
1675244653876,45,144,2
1675244654878,46,144,2
1675244655879,47,144,2
1675244656880,48,143,2
1675244657881,49,142,2
1675244658882,50,142,2
1675244659883,51,142,2
1675244660885,52,142,2
1675244661886,53,142,2
1675244662887,54,142,2
1675244663888,55,142,2
1675244664890,56,143,2
1675244665891,57,142,2
1675244666892,58,139,2
1675244667893,59,138,2
1675244668894,60,138,2
1675244669896,61,138,2
1675244670897,62,139,2
1675244671898,63,139,2
1675244672899,64,138,2
1675244673900,65,138,2
1675244674902,66,137,2
1675244675903,67,137,2
1675244676906,68,136,3
1675244677907,69,136,3
1675244678909,70,136,3
1675244679910,71,136,3
1675244680911,72,136,3
1675244681912,73,136,4
1675244682911,74,136,4
1675244683913,75,136,4
1675244684914,76,137,4
1675244685917,77,137,4
1675244686918,78,137,4
1675244687918,79,136,4
1675244688919,80,135,4
1675244689920,81,134,4
1675244690921,82,133,4
1675244691922,83,133,4
1675244692924,84,132,4
1675244693925,85,131,4
1675244694926,86,131,4
1675244695928,87,131,4
1675244696928,88,130,4
1675244697931,89,130,4
1675244698931,90,130,4
1675244699932,91,130,4
1675244700934,92,130,4
1675244701935,93,130,4
1675244702936,94,130,4
1675244703937,95,130,4
1675244704939,96,130,4
1675244705940,97,131,4
1675244706941,98,131,4
1675244707945,99,131,4
1675244708946,100,131,4
1675244709947,101,130,4
1675244710946,102,130,4
1675244711947,103,129,4
1675244712948,104,129,4
1675244713949,105,129,4
1675244714951,106,129,4
1675244715952,107,129,4
1675244716953,108,129,4
1675244717957,109,129,4
1675244718956,110,129,4
1675244719957,111,129,4
1675244720958,112,129,4
1675244721960,113,129,4
1675244722961,114,129,4
1675244723962,115,129,4
1675244724966,116,130,4
1675244725967,117,130,4
1675244726968,118,130,4
1675244727969,119,130,4
1675244728970,120,130,4
1675244729972,121,130,4
1675244730971,122,130,4
1675244731972,123,130,4
1675244732973,124,131,4
1675244733974,125,131,4
1675244734976,126,131,4
1675244735977,127,131,4
1675244736980,128,131,4
1675244737982,129,130,4
1675244738981,130,130,4
1675244739982,131,129,4
1675244740983,132,129,4
1675244741984,133,129,4
1675244742986,134,129,4
1675244743987,135,129,4
1675244744988,136,129,4
1675244745989,137,128,4
1675244746991,138,131,4
1675244747992,139,132,4
1675244748993,140,133,4
1675244749994,141,134,4
1675244750996,142,134,4
1675244751997,143,134,4
1675244752998,144,135,4
1675244754000,145,135,4
1675244755000,146,134,4
1675244756001,147,133,4
1675244757002,148,132,4
1675244758003,149,131,4
1675244759004,150,130,4
1675244760006,151,130,4
1675244761007,152,130,4
1675244762008,153,130,4
1675244763009,154,130,4
1675244764011,155,130,4
1675244765012,156,130,4
1675244766013,157,130,4
1675244767014,158,130,4
1675244768016,159,131,4
1675244769017,160,131,4
1675244770018,161,130,4
1675244771019,162,130,4
1675244772021,163,130,4
1675244773022,164,129,4
1675244774023,165,129,4
1675244775024,166,129,4
1675244776026,167,129,4
1675244777027,168,129,4
1675244778028,169,129,4
1675244779029,170,129,4
1675244780030,171,130,4
1675244781032,172,130,4
1675244782033,173,130,4
1675244783034,174,130,4
1675244784035,175,130,4
1675244785037,176,131,4
1675244786038,177,131,4
1675244787042,178,131,4
1675244788043,179,130,4
1675244789044,180,129,4
1675244790043,181,128,4
1675244791045,182,127,4
1675244792045,183,127,4
1675244793046,184,127,4
1675244794048,185,127,4
1675244795049,186,127,4
1675244796050,187,127,4
1675244797051,188,128,4
1675244798053,189,128,4
1675244799056,190,128,4
1675244800057,191,127,4
1675244801058,192,127,4
1675244802060,193,127,4
1675244803061,194,127,4
1675244804062,195,127,4
1675244805063,196,126,4
1675244806064,197,126,4
1675244807065,198,125,4
1675244808067,199,125,4
1675244809068,200,125,4
1675244810069,201,126,4
1675244811071,202,126,4
1675244812070,203,126,4
1675244813071,204,125,4
1675244814072,205,124,4
1675244815074,206,124,4
1675244816075,207,123,4
1675244817078,208,123,4
1675244818079,209,123,4
1675244819080,210,123,4
1675244820082,211,124,4
1675244821083,212,124,4
1675244822084,213,124,4
1675244823085,214,124,4
1675244824084,215,124,4
1675244825085,216,124,4
1675244826087,217,124,4
1675244827088,218,124,4
1675244828091,219,123,4
1675244829092,220,122,4
1675244830094,221,121,4
1675244831095,222,121,4
1675244832096,223,120,4
1675244833095,224,120,4
1675244834096,225,120,4
1675244835100,226,120,4
1675244836099,227,120,4
1675244837100,228,120,4
1675244838101,229,119,4
1675244839104,230,118,4
1675244840105,231,117,4
1675244841107,232,116,4
1675244842108,233,116,4
1675244843109,234,115,4
1675244844111,235,115,4
1675244845112,236,115,4
1675244846177,237,115,4
1675244847114,238,116,4
1675244848116,239,116,4
1675244849117,240,117,4
1675244850118,241,117,4
1675244851119,242,117,4
1675244852120,243,117,4
1675244853121,244,116,4
1675244854121,245,116,4
1675244855122,246,116,4
1675244856123,247,115,4
1675244857124,248,115,4
1675244858125,249,115,4
1675244859127,250,114,4
1675244860128,251,115,4
1675244861129,252,115,4
1675244862130,253,116,4
1675244863131,254,117,4
1675244864133,255,118,4
1675244865134,0,118,4
1675244866135,1,118,4
1675244867136,2,118,4
1675244868137,3,118,4
1675244869139,4,118,4
1675244870140,5,118,4
1675244871141,6,120,4
1675244872142,7,120,4
1675244873143,8,120,4
1675244874145,9,119,4
1675244875147,10,118,4
1675244876147,11,118,4
1675244877148,12,117,4
1675244878149,13,117,4
1675244879151,14,116,4
1675244880152,15,116,4
1675244881153,16,116,4
1675244882154,17,116,4
1675244883156,18,117,4
1675244884157,19,118,4
1675244885158,20,119,4
1675244886159,21,119,4
1675244887160,22,119,4
1675244888162,23,118,4
1675244889163,24,118,4
1675244890164,25,117,4
1675244891165,26,118,4
1675244892167,27,118,4
1675244893168,28,118,4
1675244894169,29,118,4
1675244895172,30,118,4
1675244896171,31,119,4
1675244897173,32,119,4
1675244898174,33,119,4
1675244899175,34,119,4
1675244900176,35,118,4
1675244901179,36,118,4
1675244902179,37,119,4
1675244903180,38,119,4
1675244904181,39,119,4
1675244905183,40,119,4
1675244906183,41,120,4
1675244907184,42,120,4
1675244908186,43,120,4
1675244909187,44,119,4
1675244910188,45,120,4
1675244911189,46,120,4
1675244912190,47,120,4
1675244913192,48,121,4
1675244914193,49,121,4
1675244915194,50,121,4
1675244916212,51,122,4
1675244917198,52,122,4
1675244918199,53,121,4
1675244919201,54,121,4
1675244920200,55,120,4
1675244921201,56,119,4
1675244922202,57,119,4
1675244923204,58,119,4
1675244924205,59,118,4
1675244925206,60,118,4
1675244926207,61,117,4
1675244927208,62,118,4
1675244928209,63,118,4
1675244929210,64,118,4
1675244930212,65,117,4
1675244931213,66,118,4
1675244932214,67,119,4
1675244933216,68,119,4
1675244934216,69,119,4
1675244935217,70,119,4
1675244936219,71,120,4
1675244937220,72,119,4
1675244938221,73,120,4
1675244939222,74,120,4
1675244940223,75,120,4
1675244941224,76,120,4
1675244942226,77,120,4
1675244943227,78,120,4
1675244944228,79,120,4
1675244945229,80,120,4
1675244946230,81,120,4
1675244947231,82,120,4
1675244948233,83,120,4
1675244949234,84,120,4
1675244950235,85,121,4
1675244951236,86,121,4
1675244952237,87,121,4
1675244953238,88,122,4
1675244954240,89,122,4
1675244955241,90,123,4
1675244956242,91,123,4
1675244957243,92,123,4
1675244958244,93,122,4
1675244959245,94,122,4
1675244960247,95,121,4
1675244961248,96,121,4
1675244962251,97,121,4
1675244963252,98,121,4
1675244964253,99,120,4
1675244965254,100,120,4
1675244966255,101,119,4
1675244967257,102,118,4
1675244968256,103,118,4
1675244969257,104,119,4
1675244970259,105,119,4
1675244971260,106,119,4
1675244972261,107,119,4
1675244973262,108,119,4
1675244974263,109,120,4
1675244975265,110,122,4
1675244976266,111,122,4
1675244977267,112,122,4
1675244978268,113,122,4
1675244979269,114,122,4
1675244980271,115,122,4
1675244981272,116,121,4
1675244982273,117,121,4
1675244983274,118,120,4
1675244984275,119,120,4
1675244985276,120,120,4
1675244986278,121,120,4
1675244987279,122,120,3
1675244988280,123,120,3
1675244989281,124,120,3
1675244990282,125,120,3
1675244991284,126,120,3
1675244992285,127,120,3
1675244993288,128,120,3
1675244994289,129,120,3
1675244995290,130,120,3
1675244996291,131,120,3
1675244997292,132,120,3
1675244998306,133,120,4
1675244999297,134,120,4
1675245000296,135,119,4
1675245001297,136,118,4
1675245002296,137,117,4
1675245003298,138,117,4
1675245004299,139,116,4
1675245005300,140,116,4
1675245006301,141,116,4
1675245007302,142,116,4
1675245008304,143,116,4
1675245009304,144,117,4
1675245010308,145,117,4
1675245011309,146,118,4
1675245012310,147,118,4
1675245013311,148,117,4
1675245014312,149,116,4
1675245015312,150,115,4
1675245016313,151,114,4
1675245017316,152,115,4
1675245018317,153,116,4
1675245019318,154,116,4
1675245020319,155,117,4
1675245021321,156,118,4
1675245022322,157,118,4
1675245023323,158,118,4
1675245024322,159,117,4
1675245025323,160,116,4
1675245026324,161,116,4
1675245027327,162,116,4
1675245028329,163,116,4
1675245029330,164,116,4
1675245030331,165,116,4
1675245031333,166,116,4
1675245032333,167,116,4
1675245033335,168,115,4
1675245034336,169,114,4
1675245035337,170,114,4
1675245036338,171,113,4
1675245037339,172,112,4
1675245038340,173,111,4
1675245039342,174,111,4
1675245040341,175,111,4
1675245041342,176,110,4
1675245042345,177,111,4
1675245043346,178,111,4
1675245044348,179,112,4
1675245045349,180,113,4
1675245046350,181,113,4
1675245047351,182,113,4
1675245048352,183,113,4
1675245049353,184,113,4
1675245050355,185,113,4
1675245051356,186,113,4
1675245052357,187,113,4
1675245053358,188,114,4
1675245054360,189,114,4
1675245055361,190,115,4
1675245056360,191,115,4
1675245057363,192,116,4
1675245058363,193,116,4
1675245059364,194,116,4
1675245060365,195,118,4
1675245061368,196,119,4
1675245062369,197,119,4
1675245063368,198,118,4
1675245064369,199,118,4
1675245065371,200,118,4
1675245066372,201,119,4
1675245067373,202,119,4
1675245068376,203,120,4
1675245069377,204,121,4
1675245070378,205,121,4
1675245071380,206,122,4
1675245072381,207,122,4
1675245073382,208,123,4
1675245074384,209,123,4
1675245075385,210,123,4
1675245076386,211,123,4
1675245077387,212,123,4
1675245078388,213,123,4
1675245079389,214,123,4
1675245080390,215,123,4
1675245081391,216,123,4
1675245082393,217,123,4
1675245083394,218,123,4
1675245084395,219,123,4
1675245085398,220,123,4
1675245086398,221,122,4
1675245087399,222,121,4
1675245088400,223,120,4
1675245089401,224,119,4
1675245090402,225,117,4
1675245091403,226,117,4
1675245092405,227,116,4
1675245093406,228,116,4
1675245094407,229,116,4
1675245095408,230,117,4
1675245096409,231,117,4
1675245097411,232,118,4
1675245098412,233,119,4
1675245099411,234,121,4
1675245100412,235,122,4
1675245101413,236,123,4
1675245102414,237,123,4
1675245103418,238,123,4
1675245104419,239,123,4
1675245105420,240,123,4
1675245106421,241,122,4
1675245107422,242,122,4
1675245108424,243,123,4
1675245109425,244,123,4
1675245110426,245,124,4
1675245111427,246,124,4
1675245112428,247,124,4
1675245113428,248,124,4
1675245114430,249,124,4
1675245115432,250,124,4
1675245116433,251,125,4
1675245117435,252,124,4
1675245118435,253,124,4
1675245119436,254,124,4
1675245120437,255,123,4
1675245121439,0,121,4
1675245122440,1,119,4
1675245123441,2,118,4
1675245124442,3,117,4
1675245125443,4,116,4
1675245126444,5,116,4
1675245127445,6,116,4
1675245128447,7,116,4
1675245129448,8,116,4
1675245130449,9,116,4
1675245131450,10,116,4
1675245132451,11,116,4
1675245133452,12,116,4
1675245134453,13,116,4
1675245135455,14,116,4
1675245136456,15,115,4
1675245137455,16,115,4
1675245138456,17,114,4
1675245139457,18,114,4
1675245140459,19,114,4
1675245141460,20,113,4
1675245142461,21,113,4
1675245143464,22,113,4
1675245144465,23,113,4
1675245145467,24,113,4
1675245146468,25,112,4
1675245147469,26,112,4
1675245148470,27,112,4
1675245149471,28,112,4
1675245150472,29,112,4
1675245151473,30,113,4
1675245152475,31,113,4
1675245153476,32,114,4
1675245154477,33,114,4
1675245155478,34,115,4
1675245156479,35,115,4
1675245157481,36,116,4
1675245158482,37,116,4
1675245159483,38,117,4
1675245160484,39,117,4
1675245161485,40,118,4
1675245162486,41,118,4
1675245163487,42,117,4
1675245164488,43,115,4
1675245165490,44,113,4
1675245166491,45,111,4
1675245167492,46,109,4
1675245168493,47,108,4
1675245169494,48,108,4
1675245170496,49,107,4
1675245171497,50,107,4
1675245172498,51,107,4
1675245173499,52,107,4
1675245174500,53,108,4
1675245175501,54,108,4
1675245176503,55,108,4
1675245177504,56,107,4
1675245178505,57,107,4
1675245179506,58,107,4
1675245180507,59,106,4
1675245181509,60,106,4
1675245182510,61,106,4
1675245183511,62,106,4
1675245184512,63,105,4
1675245185511,64,105,4
1675245186512,65,105,4
1675245187514,66,105,4
1675245188515,67,106,4
1675245189516,68,106,4
1675245190517,69,107,4
1675245191518,70,107,4
1675245192519,71,109,4
1675245193521,72,110,4
1675245194522,73,111,4
1675245195523,74,111,4
1675245196524,75,111,4
1675245197525,76,111,4
1675245198526,77,111,4
1675245199528,78,111,4
1675245200529,79,111,4
1675245201530,80,112,4
1675245202531,81,112,4
1675245203532,82,113,4
1675245204533,83,113,4
1675245205534,84,113,4
1675245206536,85,114,4
1675245207537,86,114,4
1675245208538,87,116,4
1675245209539,88,117,4
1675245210540,89,117,4
1675245211541,90,117,4
1675245212543,91,117,4
1675245213544,92,116,4
1675245214545,93,117,4
1675245215546,94,118,4
1675245216547,95,118,4
1675245217548,96,118,4
1675245218550,97,118,4
1675245219551,98,118,4
1675245220552,99,119,4
1675245221553,100,119,4
1675245222554,101,120,4
1675245223556,102,121,4
1675245224557,103,122,4
1675245225558,104,121,4
1675245226559,105,121,4
1675245227560,106,121,4
1675245228561,107,121,4
1675245229563,108,121,4
1675245230564,109,121,4
1675245231565,110,121,4
1675245232567,111,121,4
1675245233567,112,121,4
1675245234569,113,121,4
1675245235570,114,119,4
1675245236571,115,118,4
1675245237572,116,118,3
1675245238573,117,118,3
1675245239574,118,117,3
1675245240575,119,117,2
1675245241577,120,117,2
1675245242578,121,117,2
1675245243579,122,119,2
1675245244580,123,119,2
1675245245581,124,119,2
1675245246584,125,119,2
1675245247583,126,118,2
1675245248585,127,117,2
1675245249586,128,117,2
1675245250587,129,117,2
1675245251588,130,117,2
1675245252589,131,117,2
1675245253590,132,117,3
1675245254591,133,117,3
1675245255593,134,117,3
1675245256594,135,117,3
1675245257595,136,117,3
1675245258596,137,117,3
1675245259597,138,117,3
1675245260598,139,117,3
1675245261599,140,117,3
1675245262600,141,117,3
1675245263602,142,118,3
1675245264603,143,118,3
1675245265604,144,119,3
1675245266605,145,121,3
1675245267606,146,121,2
1675245268608,147,121,2
1675245269609,148,121,2
1675245270610,149,121,2
1675245271611,150,119,2
1675245272614,151,119,2
1675245273616,152,118,2
1675245274616,153,117,2
1675245275618,154,116,2
1675245276619,155,115,2
1675245277618,156,114,2
1675245278621,157,114,2
1675245279622,158,114,2
1675245280621,159,114,2
1675245281623,160,114,2
1675245282624,161,114,3
1675245283625,162,114,3
1675245284626,163,114,3
1675245285627,164,114,3
1675245286629,165,117,3
1675245287630,166,118,3
1675245288631,167,118,3
1675245289632,168,118,3
1675245290633,169,118,3
1675245291634,170,118,3
1675245292635,171,118,3
1675245293637,172,118,3
1675245294638,173,118,3
1675245295639,174,119,3
1675245296640,175,115,3
1675245297641,176,115,3
1675245298642,177,114,3
1675245299644,178,115,3
1675245300645,179,115,2
1675245301646,180,115,2
1675245302647,181,115,2
1675245303648,182,116,2
1675245304649,183,116,2
1675245305650,184,116,2
1675245306652,185,116,2
1675245307653,186,116,2
1675245308654,187,116,2
1675245309655,188,116,2
1675245310657,189,113,2
1675245311657,190,111,2
1675245312659,191,111,2
1675245313660,192,110,2
1675245314663,193,109,2
1675245315664,194,109,2
1675245316665,195,108,2
1675245317666,196,108,2
1675245318667,197,107,2
1675245319667,198,107,2
1675245320668,199,107,2
1675245321669,200,107,3
1675245331680,210,104,0
1675245332681,211,104,0
1675245333682,212,104,0
1675245334684,213,104,0
1675245335685,214,104,0
1675245336686,215,104,0
1675245337687,216,104,0
1675245338688,217,104,0
1675245339690,218,104,0
1675245340691,219,104,0
1675245341692,220,104,0
1675245342693,221,104,0
1675245343695,222,104,0
1675245344696,223,104,0
1675245345697,224,104,0
1675245346698,225,104,0
1675245347699,226,104,0
1675245348701,227,104,0
1675245349702,228,104,0
1675245350703,229,104,0
1675245351704,230,104,0
1675245352705,231,104,0
1675245353707,232,104,0
1675245354708,233,104,0
1675245355709,234,104,0
1675245356711,235,104,0
1675245357713,236,104,0
1675245358714,237,104,0
1675245359716,238,104,0
1675245360716,239,104,0
1675245361718,240,104,0
1675245362719,241,104,0
1675245363720,242,104,0
1675245364721,243,104,0
1675245365723,244,104,0
1675245366724,245,104,0
1675245367725,246,104,0
1675245368726,247,104,0
1675245369728,248,104,0
1675245370729,249,104,0
1675245371730,250,104,0
1675245372732,251,104,0
1675245373733,252,104,0
1675245374734,253,104,0
1675245375735,254,104,0
1675245376737,255,104,0
1675245377738,0,104,0
1675245378739,1,104,0
1675245379740,2,104,0
1675245380742,3,104,0
1675245381743,4,104,0
1675245382744,5,104,0
1675245383745,6,104,0
1675245384747,7,104,0
1675245385748,8,104,0
1675245386749,9,104,0
1675245387751,10,104,0
1675245388752,11,104,0
1675245389753,12,104,0
1675245390754,13,104,0
1675245391755,14,104,0
1675245392756,15,104,0
1675245393758,16,104,0
1675245394759,17,104,0
1675245395760,18,104,0
1675245396761,19,104,0
1675245397763,20,104,0
1675245398770,21,104,0
1675245399765,22,104,0
1675245400767,23,104,0
1675245401768,24,104,0
1675245402769,25,104,0
1675245403770,26,104,0
1675245404772,27,104,0
1675245405773,28,104,0
1675245406774,29,104,0
1675245407776,30,104,0
1675245408777,31,104,0
1675245409780,32,104,0
1675245410781,33,104,0
1675245411782,34,104,0
1675245412782,35,104,0
1675245413783,36,104,0
1675245414784,37,104,0
1675245415786,38,104,0
1675245416787,39,104,0
1675245417788,40,104,0
1675245418790,41,104,0
1675245419791,42,104,0
1675245420792,43,104,0
1675245421793,44,104,0
1675245422795,45,104,0
1675245423796,46,104,0
1675245424798,47,104,0
1675245425799,48,104,0
1675245426801,49,104,0
1675245427801,50,104,0
1675245428803,51,104,0
1675245429804,52,104,0
1675245430805,53,104,0
1675245431806,54,104,0
1675245432808,55,104,0
1675245433809,56,104,0
1675245434810,57,104,0
1675245435811,58,104,0
1675245436813,59,104,0
1675245437814,60,104,0
1675245438815,61,104,0
1675245439816,62,104,0
1675245440818,63,104,0
1675245441819,64,104,0
1675245442820,65,104,0
1675245443822,66,104,0
1675245444823,67,104,0
1675245445824,68,104,0
1675245446825,69,104,0
1675245447827,70,104,0
1675245448828,71,104,0
1675245449829,72,104,0
1675245450831,73,104,0
1675245451832,74,104,0
1675245452833,75,104,0
1675245453834,76,104,0
1675245454836,77,104,0
1675245455837,78,104,0
1675245456838,79,104,0
1675245457839,80,104,0
1675245458841,81,104,0
1675245459842,82,104,0
1675245460843,83,104,0
1675245461844,84,104,0
1675245462846,85,104,0
1675245463847,86,104,0
1675245464848,87,104,0
1675245465850,88,104,0
1675245466851,89,104,0
1675245467853,90,104,0
1675245468853,91,104,0
1675245469855,92,104,0
1675245470856,93,104,0
1675245471857,94,104,0
1675245472858,95,104,0
1675245473860,96,104,0
1675245474861,97,104,0
1675245475862,98,104,0
1675245476864,99,104,0
1675245477865,100,104,0
1675245478866,101,104,0
1675245479867,102,104,0
1675245480869,103,104,0
1675245481870,104,104,0
1675245482871,105,104,0
1675245483872,106,104,0
1675245484874,107,104,0
1675245485875,108,104,0
1675245486876,109,104,0
1675245487878,110,104,0
1675245488879,111,104,0
1675245489880,112,104,0
1675245490882,113,104,0
1675245491883,114,104,0
1675245492884,115,104,0
1675245493886,116,104,0
1675245494887,117,104,0
1675245495888,118,104,0
1675245496890,119,104,0
1675245497891,120,104,0
1675245498892,121,104,0
1675245499894,122,104,0
1675245500895,123,104,0
1675245501896,124,104,0
1675245502898,125,104,0
1675245503899,126,104,0
1675245504900,127,104,0
1675245505902,128,104,0
1675245506904,129,104,0
1675245507906,130,104,0
1675245508907,131,104,0
1675245509907,132,104,0
1675245510908,133,104,0
1675245511909,134,104,0
1675245512911,135,104,0
1675245513912,136,104,0
1675245514913,137,104,0
1675245515915,138,104,0
1675245516916,139,104,0
1675245517917,140,104,0
1675245518919,141,104,0
1675245519920,142,104,0
1675245520921,143,104,0
1675245521922,144,104,0
1675245522930,145,104,0
1675245523925,146,104,0
1675245524926,147,104,0
1675245525928,148,104,0
1675245526929,149,104,0
1675245527930,150,104,0
1675245528932,151,104,0
1675245529933,152,104,0
1675245530934,153,104,0
1675245531936,154,104,0
1675245532937,155,104,0
1675245533938,156,104,0
1675245534939,157,104,0
1675245535941,158,104,0
1675245536943,159,104,0
1675245537944,160,104,0
1675245538945,161,104,0
1675245539946,162,104,0
1675245540947,163,104,0
1675245541949,164,104,0
1675245542950,165,104,0
1675245543951,166,104,0
1675245544952,167,104,0
1675245545954,168,104,0
1675245546955,169,104,0
1675245547956,170,104,0
1675245548958,171,104,0
1675245549959,172,104,0
1675245550960,173,104,0
1675245551962,174,104,0
1675245552963,175,104,0
1675245553964,176,104,0
1675245554965,177,104,0
1675245555967,178,104,0
1675245556968,179,104,0
1675245557969,180,104,0
1675245558971,181,104,0
1675245559972,182,104,0
1675245560973,183,104,0
1675245561974,184,104,0
1675245562976,185,104,0
1675245563977,186,104,0
1675245564979,187,104,0
1675245565980,188,104,0
1675245566981,189,104,0
1675245567982,190,104,0
1675245568984,191,104,0
1675245569985,192,104,0
1675245570987,193,104,0
1675245571988,194,104,0
1675245572989,195,104,0
1675245573990,196,104,0
1675245574992,197,104,0
1675245575993,198,104,0
1675245576994,199,104,0
1675245577996,200,104,0
1675245578997,201,104,0
1675245579998,202,104,0
1675245581000,203,104,0
1675245582000,204,104,0
1675245583001,205,104,0
1675245584003,206,104,0
1675245585004,207,104,0
1675245586005,208,104,0
1675245587007,209,104,0
1675245588008,210,104,0
1675245589010,211,104,0
1675245590011,212,104,0
1675245591012,213,104,0
1675245592013,214,104,0
1675245593015,215,104,0
1675245594016,216,104,0
1675245595017,217,104,0
1675245596019,218,104,0
1675245597020,219,104,0
1675245598022,220,104,0
1675245599024,221,104,0
1675245600025,222,104,0
1675245601025,223,104,0
1675245602027,224,104,0
1675245603028,225,104,0
1675245604029,226,104,0
1675245605031,227,104,0
1675245606032,228,104,0
1675245607033,229,104,0
1675245608035,230,104,0
1675245609036,231,104,0
1675245610037,232,104,0
1675245611039,233,104,0
1675245612040,234,104,0
1675245613042,235,104,0
1675245614043,236,104,0
1675245615044,237,104,0
1675245616046,238,104,0
1675245617047,239,104,0
1675245618048,240,104,0
1675245619050,241,104,0
1675245620051,242,104,0
1675245621052,243,104,0
1675245622054,244,104,0
1675245623055,245,104,0
1675245624056,246,104,0
1675245625058,247,104,0
1675245626059,248,104,0
1675245627060,249,104,0
1675245628062,250,104,0
1675245629064,251,104,0
1675245630065,252,104,0
1675245631066,253,104,0
1675245632067,254,104,0
1675245633068,255,104,0
1675245634070,0,104,0
1675245635071,1,104,0
1675245636072,2,104,0
1675245637074,3,104,0
1675245638075,4,104,0
1675245639076,5,104,0
1675245640078,6,104,0
1675245641079,7,104,0
1675245642080,8,104,0
1675245643082,9,104,0
1675245644083,10,104,0
1675245645084,11,104,0
1675245646086,12,104,0
1675245647087,13,105,0
1675245648088,14,104,0
1675245649090,15,104,0
1675245650091,16,104,0
1675245651092,17,105,0
1675245652094,18,105,0
1675245653095,19,105,0
1675245654096,20,105,0
1675245655098,21,105,0
1675245656099,22,104,0
1675245657100,23,103,0
1675245658102,24,103,0
1675245659103,25,101,0
1675245660104,26,101,0
1675245661106,27,101,0
1675245662107,28,98,0
